id,nama,alamat,cluster,mitra_ad_cluster,region_channel,provinsi,kabupaten,kecamatan,kelurahan,kode_pos,call_center,email,longitude,latitude,created_at,updated-at
,HELVETIA,JL. KAPTEN MUSLIM,MEDAN,CV. SINAR TELEKOM,SUMBAGUT,SUMATERA UTARA,KOTA MEDAN,MEDAN HELVETIA,DWIKORA,20123,,taphelvetia@gmail.com,98.645105,3.5965501,,
,JOHOR,"JL. A.H NASUTION , Kel Gedung Johor, Kec Medan Johor, 20146",MEDAN,CV. SINAR TELEKOM,SUMBAGUT,SUMATERA UTARA,KOTA MEDAN,MEDAN JOHOR,GEDUNG JOHOR,20146,81263901556,tapjohor@gmail.com,98.66374283,3.5388885,,
,TIMUR,JL.CEMARA NO.48D & 48E PULO BRAYAN DARAT II,MEDAN,CV. SINAR TELEKOM,SUMBAGUT,SUMATERA UTARA,KOTA MEDAN,MEDAN TIMUR,PULO BRAYAN DARAT II,20239,,tapmedantimu@gmail.com,98.67226,3.6373279,,
,MEDAN BARU,JL. ISAKANDAR MUDA NO. 40,MEDAN,CV. SINAR TELEKOM,SUMBAGUT,SUMATERA UTARA,KOTA MEDAN,MEDAN BARU,PADANG BULAN,20155,82165872007,tapmedanbaru@gmail.com,98.661008,3.5777239,,
,MULTATULI,"Jl. H. Misbah Komp. Multatuli Blok C No. 56 Kel. AUR Kec. Medan Maimun, 20151",MEDAN,CV. SINAR TELEKOM,SUMBAGUT,SUMATERA UTARA,KOTA MEDAN,MEDAN MAIMUN,AUR,20151,82166911616,tapmultatuli@gmail.com,98.680516,3.5786806,,
,WAHIDIN,"JL.WAHIDIN NO.95 C, Kel Pandau Hulu II,  Kec Medan Area, 20211",MEDAN,CV. SINAR TELEKOM,SUMBAGUT,SUMATERA UTARA,KOTA MEDAN,MEDAN AREA,PANDAU HULU II,20211,85296333555,tapwahidin@gmail.com,98.696495,3.5881929,,
,MARELAN,JL  PLATINA RAYA NO.70,MEDAN,CV. SINAR TELEKOM,SUMBAGUT,SUMATERA UTARA,KOTA MEDAN,MEDAN MARELAN,RENGAS PULAU,20225,,tapmarelan@gmail.com,98.656335,3.69563,,
,TDC PADANG SIDEMPUAN,Jl. SM. Raja No. 136-A Sitamiang ,SIDEMPUAN,PT. MEDIA SWARA PRIMA,SUMBAGUT,SUMATRA UTARA,KOTA PADANG SIDEMPUAN,PADANG SIDEMPUAN SELATAN,SITAMIANG ,22723,85360696888,sahrulalamsyah22@yahoo.com,99.274058,1.38323,,
,TDC PANYABUNGAN,"Jl. Willem Iskandar, Pidoli Lombang",SIDEMPUAN,PT. MEDIA SWARA PRIMA,SUMBAGUT,SUMATRA UTARA,MANDAILING NATAL,PAYABUNGAN KOTA,PIDOLI,22754,85360696888,royhan_siregar@yahoo.com,99.062786,1.4863666,,
,TDC BATANG TORU,Jl. Merdeka Barat - Desa Napa,SIDEMPUAN,PT. MEDIA SWARA PRIMA,SUMBAGUT,SUMATRA UTARA,TAPANULI SELATAN,BATANG TORU,BATG TORU,22738,85360696888,zul.pramanda@yahoo.com,99.562653,0.8368112,,
,TDC GUNUNG TUA,Jl. Merdeka Link.V Pasar Gunung Tua,SIDEMPUAN,PT. MEDIA SWARA PRIMA,SUMBAGUT,SUMATRA UTARA,PADANG LAWAS UTARA,PADANG BOLAK,PASAR GUNUNG TUA,22253,85360696888,edymirtha@ymail.com,99.264536,0.4657666,,
,TDC SIBUHUAN,Jl. Sudirman Pasar Sibuhuan,SIDEMPUAN,PT. MEDIA SWARA PRIMA,SUMBAGUT,SUMATRA UTARA,PADANG LAWAS,BARUMUN,BARUMUN,22763,85276412221,sindra_ritonga@yahoo.com,99.62812,1.557364,,
,TDC SINUNUKAN,Jalan Lintas Sinunukan Desa Wonosari,SIDEMPUAN,PT. MEDIA SWARA PRIMA,SUMBAGUT,SUMATRA UTARA,MANDAILING NATAL,SINUNUKAN,SINUNUKAN III,22988,85360696888,amriyunus78@yahoo.com,99.73325,1.0578283,,
,TDC RANTAU PRAPAT,Jl. SM Raja Simpang Mangga No. 125 -126,SIDEMPUAN,PT. MEDIA SWARA PRIMA,SUMBAGUT,SUMATRA UTARA,LABUHAN BATU,RANTAU SELATAN,BAKARAN BARU,21412,85276412221,sevenkozi83@yahoo.com,99.848449,2.0877832,,
,POD SOSA,Jl. Lintas Sosa - Riau Pasar Ujung Batu,SIDEMPUAN,PT. MEDIA SWARA PRIMA,SUMBAGUT,SUMATRA UTARA,PADANG LAWAS,SOSA,SOSA,22765,85276412221,rinaldihsb@yahoo.co.id,99.889123,1.6374416,,
,TDC KOTA PINANG ,Jl. Bukit Kota Pinang (Depan Bank SUMUT),SIDEMPUAN,PT. MEDIA SWARA PRIMA,SUMBAGUT,SUMATRA UTARA,LABUHAN BATU SELATAN,KOTA PINANG ,KOTA PINANG,21464,85276412221,rizkisiswanto@gmail.com,100.05,1.891366,,
,POD CIKAMPAK,Jl. Besar Cikampak (Samping Gg Vihara),SIDEMPUAN,PT. MEDIA SWARA PRIMA,SUMBAGUT,SUMATRA UTARA,LABUHAN BATU SELATAN,TORGAMBA,AEK BATU,21464,85276412221,bastianholy06@gmail.com,100.206543,1.787564,,
,POD LANGGA PAYUNG,Jl. Lintas Langga Payung - Gunung Tua,SIDEMPUAN,PT. MEDIA SWARA PRIMA,SUMBAGUT,SUMATRA UTARA,LABUHAN BATU SELATAN,SUNGAI KANAN,LANGGA PAYUNG,21465,85276412221,Fikriferiandi26@gmail.com,99.954963,1.722613,,
,TAP AEK KANOPAN,JL. MAYOR M.SIDDIK KELURAHAN AEK KANOPAN,ASAHAN,PT. GRAHA INFORMATIKA NUSANTARA,SUMBAGUT,SUMATERA UTARA,LABUHAN BATU UTARA,KUALUH HULU,AEK KANOPAN,21457,8118817342,syahrial_manurung@gratika.co.id,99.649875,2.5670704,,
,TAP AJAMU,JL. LINTAS TANJUNG SARANG ELANG,ASAHAN,PT. GRAHA INFORMATIKA NUSANTARA,SUMBAGUT,SUMATERA UTARA,LABUHAN BATU,PANAI HULU,TANJUNG SARANG ELANG,21472,81396305333,hermansyahtdc@gmail.com,100.13257,2.4804994,,
,TAP BATUBARA,JL. MERDEKA KELURAHAN IDRAYAMAN,ASAHAN,PT. GRAHA INFORMATIKA NUSANTARA,SUMBAGUT,SUMATERA UTARA,BATU BARA,TALAWI,INDRAYAMAN,21253,85360765444,jenny.rahman1310@gmail.com,99.577522,3.2178904,,
,TAP KISARAN,JL. HOS.COKRO AMINOTO KISARAN BARAT NO 282,ASAHAN,PT. GRAHA INFORMATIKA NUSANTARA,SUMBAGUT,SUMATERA UTARA,ASAHAN,KISARAN BARAT,KISARAN BARU,21226,82166145678,surya_lbs07@yahoo.co.id,99.616694,2.9859276,,
,TAP KUALUH LEIDONG,JL. H. IWAN MAKSUM TANJUNG LEIDONG,ASAHAN,PT. GRAHA INFORMATIKA NUSANTARA,SUMBAGUT,SUMATERA UTARA,LABUHAN BATU UTARA,KUALUH LEIDONG,TANJUNG LEIDONG,21475,8118817363,rinaldimargolang@yahoo.com,99.978242,2.7524731,,
,TAP SEI PIRING,JL. SUMATERA SIMPANG MAK INANG,ASAHAN,PT. GRAHA INFORMATIKA NUSANTARA,SUMBAGUT,SUMATERA UTARA,ASAHAN,PULAU RAKYAT ,PULAU RAKYAT ,21273,85360764777,sriwahyudi508@gmail.com,99.619842,2.7103214,,
,TAP TANJUNGBALAI,JL. TEUKU UMAR NO.120,ASAHAN,PT. GRAHA INFORMATIKA NUSANTARA,SUMBAGUT,SUMATERA UTARA,TANJUNG BALAI ,TG.BALAI SELATAN,TB.KOTA 2,21316,85370467999,ahmadfauzi.str@gmail.com,99.80225,2.962325,,
,TDC MEULABOH,Jl. Manek Roo Kel. Ujong Baroh Kec. Johan Pahalwan Kab. Aceh Barat,MEULABOH,PT. CATALIST INTEGRA PRIMA SUKSES,SUMBAGUT,ACEH,ACEH BARAT,JOHAN PAHLAWAN,UJONG BAROH,23618,85260113333,abdee.cus@gmail.com,96.125192,4.1516767,,
,TDC NAGAN RAYA,"Jl. Meulaboh - Tapak Tuan, Kel. Ujung Patihah Kab. Nagan Raya",MEULABOH,PT. CATALIST INTEGRA PRIMA SUKSES,SUMBAGUT,ACEH,NAGAN RAYA,KUALA,UJUNG PATIHAH,23661,82360317878,hatta.cus.mbo@gmail.com,96.318453,4.1273594,,
,TDC BLANG PIDIE,"Jl. Meulaboh - Tapak Tuan, Kel. Keudee Siblah, Kab. Blang Pidie",MEULABOH,PT. CATALIST INTEGRA PRIMA SUKSES,SUMBAGUT,ACEH,ACEH BARAT DAYA,BLANG PIDIE,KEUDEE SIBLAH,23764,85262029090,lenardi.catalist@gmail.com,96.829723,3.7341536,,
,TDC TAPAKTUAN,"Jl. T. Ben Mahmut, Kel. Hilir, Kec. Tapak Tuan  Kab. Aceh Selatan",MEULABOH,PT. CATALIST INTEGRA PRIMA SUKSES,SUMBAGUT,ACEH,ACEH SELATAN,TAPAKTUAN,HILIR,23717,82364560000,eka.saldas@gmail.com,97.175324,3.253207,,
,TDC SIMEULUE,"Jl. Teuku Diujung, Kel. Ameria Bahagia, Kec. Simeulue Timur, Kab. Simeulue",MEULABOH,PT. CATALIST INTEGRA PRIMA SUKSES,SUMBAGUT,ACEH,SIMEULUE,SIMEULUE TIMUR,AMERIA BAHAGIA,23891,85207788234,zulfikar.cus@gmail.com,96.380755,2.4653361,,
,TDC SINGKIL,"Jl. Iskandar Muda, Pasar Terpadu Rimo, Kec. Gunung Meriah, Kab. Aceh Singkil",MEULABOH,PT. CATALIST INTEGRA PRIMA SUKSES,SUMBAGUT,ACEH,ACEH SINGKIL,GUNUNG MERIAH,RIMO,24784,85262202200,mohrizkycatalist@gmail.com,97.964843,2.3993536,,
,TDC SUBULUSSALAM,"Jl. T. Umar, Kec. Penanggalan, Kab. Subusalam",MEULABOH,PT. CATALIST INTEGRA PRIMA SUKSES,SUMBAGUT,ACEH,KOTA SUBULUSSALAM,PENANGGALAN,PENANGGALAN,24780,81375909098,budi.pranata@catalist.co.id,98.015455,2.6349702,,
,TDC CALANG,"Jl.Teuku Umar, Kel. Sentosa, Kec. Krueng Sabee, Kab. Aceh Jaya",MEULABOH,PT. CATALIST INTEGRA PRIMA SUKSES,SUMBAGUT,ACEH,ACEH JAYA,SENTOSA,KOTA CALANG,23652,82360867073,arisma.catalist@gmail.com,95.581887,4.6341661,,
,TAP Binjai,Jl.Perintis Kemerdekaan No.20 A/B,Langkat,KOPERASI TELEKOMUNIKASI SELULAR,Sumbagut,Sumatera Utara,Kota Binjai,Binjai Utara,Pahlawan,20743,82367668888,nanda.lomoet@yahoo.co.id,98.495051,3.6095586,,
,TAP Stabat,Jl. Jendral Sudirman No.08,Langkat,KOPERASI TELEKOMUNIKASI SELULAR,Sumbagut,Sumatera Utara,Kabupaten Langkat,Stabat,Perdamaian,20815,82367668888,nazri_bbara@yahoo.co.id,98.460208,3.7507797,,
,TAP Tanjung Pura,Jln.T.Amir Hamzah,Langkat,KOPERASI TELEKOMUNIKASI SELULAR,Sumbagut,Sumatera Utara,Kabupaten Langkat,Tanjung Pura,Pekan Tanjung Pura,20853,82367668888,denny_alvarez18@yahoo.com,98.426034,3.895764,,
,TAP Kuala,Jln.. Binjai - Kuala dusun V Bela Rakyat,Langkat,KOPERASI TELEKOMUNIKASI SELULAR,Sumbagut,Sumatera Utara,Kabupaten Langkat,Kuala,Pekan Kuala,20772,82367668888,andriehabizah02@gmail.com,98.397792,3.5284553,,
,TAP Sunggal,"Jl. Medan - Binjai km 13,5",Langkat,KOPERASI TELEKOMUNIKASI SELULAR,Sumbagut,Sumatera Utara,Kabupaten Deli Serdang,Sunggal,Mulyorejo,20351,82367668888,ekosusandi_262@yahoo.co.id,98.562005,3.5996799,,
,TAP Hamparan Perak,Dusun I Pasar V,Langkat,KOPERASI TELEKOMUNIKASI SELULAR,Sumbagut,Sumatera Utara,Kabupaten Deli Serdang,Hamparan Perak,Klambir Lima Kebun,20374,82367668888,indrabrasco10@gmail.com,98.592521,3.6574241,,
,TAP SIBOLGA,JL SISINGAMANGARAJA NO. 178 ,TAPANULI,PT. NARINDO SOLUSI TELEKOMUNIKASI,SUMBAGUT,SUMATERA UTARA,SIBOLGA,SIBOLGA SELATAN,AEK MANIS,22536,82165622222,ts.sibolga@gmail.com ,98.792243,1.7320773,,
,TAP TARUTUNG,JL DI PANJAITAN NO.143 ,TAPANULI,PT. NARINDO SOLUSI TELEKOMUNIKASI,SUMBAGUT,SUMATERA UTARA,TAPANULI UTARA,TARUTUNG,HUTATORUAN VII,22413,82163696666,ts.tarutung@gmail.com ,98.969909,2.0235668,,
,TAP BARUS,JL HAMZAH AL FANSURI (DEPAN STKIP) ,TAPANULI,PT. NARINDO SOLUSI TELEKOMUNIKASI,SUMBAGUT,SUMATERA UTARA,TAPANULI TENGAH,BARUS,PADANG MASIANG,22564,81269535335,ts.barus2017@gmail.com,98.399778,2.0143883,,
,TAP PINANG SORI,JL PADANG SIDEMPUAN SIMP. ASRAMA HAJI ,TAPANULI,PT. NARINDO SOLUSI TELEKOMUNIKASI,SUMBAGUT,SUMATERA UTARA,TAPANULI TENGAH,PINANG SORI,SITONONG BANGUN,22653,82168970123,ts.pinangsori@gmail.com ,98.894356,1.5841271,,
,TAP PAHAE,JL SISINGAMANGARAJA NO.87 ,TAPANULI,PT. NARINDO SOLUSI TELEKOMUNIKASI,SUMBAGUT,SUMATERA UTARA,TAPANULI UTARA,PAHAE,PASAR SARULLA,22463,81262444499,ts.pahae@gmail.com ,99.113808,1.7851498,,
,TAP GUNUNG SITOLI,JL DIPONEGORO NO. 369 ,TAPANULI,PT. NARINDO SOLUSI TELEKOMUNIKASI,SUMBAGUT,SUMATERA UTARA,GUNUNG SITOLI,GUNUNG SITOLI,SIFALAETE TABALOHO,22810,85275380123,ts.gunungsitoli@gmail.com,97.632542,1.2720951,,
,TAP MANDREHE,DESA TETEHESI ,TAPANULI,PT. NARINDO SOLUSI TELEKOMUNIKASI,SUMBAGUT,SUMATERA UTARA,NIAS BARAT,MANDREHE,TETEHESI,22862,85359460007,ts.mandrehenisbar@gmail.com,97.486659,1.0449918,,
,TAP LOTU,JL GUNUNGSITOLI KM. 42 ,TAPANULI,PT. NARINDO SOLUSI TELEKOMUNIKASI,SUMBAGUT,SUMATERA UTARA,NIAS UTARA,LOTU,LOTU,22851,82165390888,ts.tdclotu@gmail.com,97.358977,1.388264,,
,TAP TELUK DALAM,JL IMAM BONJOL,TAPANULI,PT. NARINDO SOLUSI TELEKOMUNIKASI,SUMBAGUT,SUMATERA UTARA,NIAS SELATAN,TELUK DALAM,PASAR TELUK DALAM,22865,85277664111,ts.telukdalam@gmail.com ,97.819949,0.563658,,
,POD PANGARIBUAN,DESA PAKPAHAN,TAPANULI,PT. NARINDO SOLUSI TELEKOMUNIKASI,SUMBAGUT,SUMATERA UTARA,TAPANULI UTARA,PANGARIBUAN,DESA PAKPAHAN,22472,81360482520,podpangaribuan96@gmail.com,99.164232,2.0080938,,
,POD IDANOGAWO,PASAR IDANOGAWO ,TAPANULI,PT. NARINDO SOLUSI TELEKOMUNIKASI,SUMBAGUT,SUMATERA UTARA,NIAS,IDANOGAWO,TETEHOSI,22871,85358741222,Ts.idanogawo@gmail.com,97.772435,1.0266369,,
,TAP SIBORONG-BORONG,JL. TARUTUNG,TAPANULI,PT. NARINDO SOLUSI TELEKOMUNIKASI,SUMBAGUT,SUMATERA UTARA,TAPANULI UTARA,SIBORONG-BORONG,PASAR SIBORONG-BORONG,22474,81265797965,tssiborongborong@gmail.com,98.971022,2.2089444,,
,TDC TANJUNG MORAWA,"JL. BATANG KUIS, BANGUN SARI, TJ. MORAWA, DELI SERDANG 20362",SERDANG,CV. AKAR DAYA MANDIRI,SUMBAGUT,SUMATERA UTARA,DELI SERDANG,Batang Kuis,Telaga Sari,20362,82372327232,budinasution_adm78@yahoo.com,98.790749,3.5604303,,
,TDC PERBAUNGAN,"JL. SERDANG KOTA GALUH, PERBAUNGAN, SERDANG BEDAGAI 20986",SERDANG,CV. AKAR DAYA MANDIRI,SUMBAGUT,SUMATERA UTARA,SERDANG BEDAGAI,Perbaungan,Kota Galuh,20986,85207720002,mhdfaisalsipahutar@gmail.com,98.962373,3.5674509,,
,TDC LUBUK PAKAM,"JL. BAKARAN BATU KM.3, DESA TUMPATAN, LUBUK PAKAM, KAB DELI SERDANG 20517",SERDANG,CV. AKAR DAYA MANDIRI,SUMBAGUT,SUMATERA UTARA,DELI SERDANG,Beringin,Tumpatan,20552,82160859005,satria2828@gmail.com,98.863537,3.5798184,,
,TDC PERCUT,KOMPLEK MMTC NO P.12 KEC.MEDAN TEMBUNG ,SERDANG,CV. AKAR DAYA MANDIRI,SUMBAGUT,SUMATERA UTARA,KOTA MEDAN,Medan Tembung,Sidorejo,20222,82166480480,morang.8383@gmail.com,98.709211,3.60357,,
,TDC GALANG,"JL. PERINTIS KEMERDEKAAN DESA GALANG KOTA, GALANG, DELI SERDANG 20585",SERDANG,CV. AKAR DAYA MANDIRI,SUMBAGUT,SUMATERA UTARA,DELI SERDANG,Galang,Galang Kota,20585,85270256665,Mariomarandika@yahoo.co.id,98.901831,3.4282546,,
,Balige,Jl.Sm Raja,Siantar,PT. WAHANA PUTRA YUDHA,Sumbagut,Sumatera Utara,Toba Samosir,Balige,Balige 1,22316,82162839290,christianfebi31@gmail.com,99.061424,2.3297925,,
,Doloksanggul,"Jl.Merdeka,pasaribu",Siantar,PT. WAHANA PUTRA YUDHA,Sumbagut,Sumatera Utara,Humbang Hasundutan,Dolok Sanggul,Pasaribu,22457,82276838485,pebrilumbangaol89@gmail.com,98.758341,2.262564,,
,Indrapura,Jl.Jendrl Sudirman ,Siantar,PT. WAHANA PUTRA YUDHA,Sumbagut,Sumatera Utara,Batu Bara,Sei Suka,Indrapura,21256,81260527484,andrefranky92@gmail.com,99.367159,3.2893452,,
,Parapat,Jl. Joseph Sinaga,Siantar,PT. WAHANA PUTRA YUDHA,Sumbagut,Sumatera Utara,Simalungun,Girsang Sipangan Bolon,Parapat,21174,82367371915,dheanunedo23@gmail.com,98.943288,2.6662191,,
,Pematangsiantar,Jl. Ahmad Yani No 202 G-H,Siantar,PT. WAHANA PUTRA YUDHA,Sumbagut,Sumatera Utara,Pematang Siantar,Siantar Timur,Asuhan,21143,82167167777,ibnu.hanafiah@yahoo.com,99.076276,2.9679387,,
,Perdagangan,Jl. Merdeka Perdagangan,Siantar,PT. WAHANA PUTRA YUDHA,Sumbagut,Sumatera Utara,Simalungun,Bandar,Perdagangan,21184,85372552815,eddyvilla38@gmail.com,99.325077,3.1601723,,
,Raya,jl.sutomo griya hapoltakan no 09 pematang raya,Siantar,PT. WAHANA PUTRA YUDHA,Sumbagut,Sumatera Utara,Simalungun,Pematang raya,Sondi raya,21162,81265856585,Davidnainggolan615@gmail.com,98.863879,29653698,,
,Samosir,Jl.Nahum Situmorang,Siantar,PT. WAHANA PUTRA YUDHA,Sumbagut,Sumatera Utara,Samosir,Pangunguran,Pardomuan 1,22392,82164738423,Yosafatsitanggang47@gmail.com,98.703325,2.6010094,,
,Sei Rampah,Jl. Jend. Sudirman KM 60 Sei Rampah,Siantar,PT. WAHANA PUTRA YUDHA,Sumbagut,Sumatera Utara,Serdang Bedagai,Sei Rampah,Sei Rampah,20695,85275878888,rizanavia@rocketmail.com,99.136787,3.4849199,,
,Serbelawan,JL.Merdeka no.39 serbelawan,Siantar,PT. WAHANA PUTRA YUDHA,Sumbagut,Sumatera Utara,Simalungun,Dolok Batu Nanggar,Serbelawan,21155,82370701070,chairuddin0581@gmail.com,99.147102,3.125913,,
,Tebing Tinggi,Jl. Ahmad Yani No.103 Tebing Tinggi,Siantar,PT. WAHANA PUTRA YUDHA,Sumbagut,Sumatera Utara,Kota Tebing tinggi,Tebing tinggi Kota,Pasar Baru,20627,85372911166,maz_eric@rocketmail.com,99.157896,3.3282983,,
,LANGSA,Jl.A.Yani No.108 Kampung Jawa Depan Langsa Kota,TAMIANG,PT. GOLDEN COMMUNICATION,SUMBAGUT,ACEH,LANGSA,LANGSA KOTA,GAMPONG JAWA,24414,81269632632,muhagus.golden@gmail.com & gm.cluster.tamiang@gmail.com,97.959799,4.4750203,,
,KUALA SIMPANG ,Jl. Rantau No.56 Desa Bukit Tempurung Kec.  Kuala Simpang Kab. Aceh Tamiang,TAMIANG,PT. GOLDEN COMMUNICATION,SUMBAGUT,ACEH,ACEH TAMIANG,KUALA SIMPANG,BUKIT TEMPURUNG,24475,82367838383,hamdani_mkios@yahoo.co.id,98.062162,4.285086,,
,PERLAK ,Jl. Medan-Banda Aceh Gp Lhok Perlak Kab Aceh Timur,TAMIANG,PT. GOLDEN COMMUNICATION,SUMBAGUT,ACEH,ACEH TIMUR,PERLAK KOTA,LHOKDALAM ,24453,82361454474,wahhyoedi@gmail.com,97.891432,4.8062114,,
,IDI RAYEUK,"Jl. Medan - Banda Aceh, Desa Gampong Jawa Kec Idi Rayeuk Kab. Aceh Timur ",TAMIANG,PT. GOLDEN COMMUNICATION,SUMBAGUT,ACEH,ACEH TIMUR,IDI RAYEUK,TANAH ANOE,24454,82364112222,wahyu.amril@yahoo.co.id,97.773547,4.9478848,,
,LHOKSUKON,Jl Medan Banda Aceh Samping pegadaian syariah Desa Dayah Lhoksukon,TAMIANG,PT. GOLDEN COMMUNICATION,SUMBAGUT,ACEH,ACEH UTARA,LHOKSUKON ,KOTA LHOKSUKON ,24382,82366626662,muklis_golden@yahoo.com,97.318475,5.0417059,,
,BABALAN ,Jln sutomo simpang jln jawa no.154 kelurahan brandan timur baru babalan.,TAMIANG,PT. GOLDEN COMMUNICATION,SUMBAGUT,SUMUT ,LANGKAT ,BABALAN ,BRANDAN TIMUR,20857,82163651702,taufikmahkota1@gmail.com,98.218679,4.1127236,,
,KABANJAHE,JL. VETERAN NO.25 B-C,SIANTAR,PT. WAHANA PUTRA YUDHA,SUMBAGUT,SUMATERA UTARA,KARO,KABANJAHE,KAMPUNG DALAM,22113,82275357535,nh.nanang.harianja@gmail.com,98.489849,3.1036863,,
,PANCUR BATU,JL. JAMIN GINTING NO.153,SIANTAR,PT. WAHANA PUTRA YUDHA,SUMBAGUT,SUMATERA UTARA,DELI SERDANG,PANCUR BATU,DESA BARU,20353,81375202888,salim_mdx@yahoo.com,98.597563,3.4842678,,
,DAIRI,JL. SITELU NEMPU NO. 10,SIANTAR,PT. WAHANA PUTRA YUDHA,SUMBAGUT,SUMATERA UTARA,DAIRI,SIDIKALANG,SIDIKALANG,22211,82272778800,victorpanggabean515@gmail.com,98.308761,2.7529907,,
,KUTACANE,JL. AHMAD YANI NO.6,SIANTAR,PT. WAHANA PUTRA YUDHA,SUMBAGUT,SUMATERA UTARA,ACEH TENGGARA,BABUSSALAM,KOTA KUTACANE,24651,81364337773,dony_panjaitan@yahoo.com,97.810621,3.4887069,,
,BLANGKEJEREN,JL. KUTAPANJANG BLOWER,SIANTAR,PT. WAHANA PUTRA YUDHA,SUMBAGUT,SUMATERA UTARA,GAYO LUES,BLANGKEJEREN,KOTA BLANGKEJEREN,24655,85361212008,karisman.szf@gmail.com,97.339093,3.9963703,,
,PAKPAK BHARAT,JL. BANUREA,SIANTAR,PT. WAHANA PUTRA YUDHA,SUMBAGUT,SUMATERA UTARA,PAKPAK BHARAT,SALAK 1,DESA BOANG MANALU,22277,81260331133,antho.solin@gmail.com,98.32489,2.55682,,
,BANDAR BARU,JL. JAMIN GINTING NO.45,SIANTAR,PT. WAHANA PUTRA YUDHA,SUMBAGUT,SUMATERA UTARA,DELI SERDANG,SIBOLANGIT,DESA SUKA MAKMUR,20357,82391777776,gibsonazulgrana@yahoo.com,98.556331,3.2827782,,
,"Banuhampu,Kab. Agam",Jl. Bukittinggi-Padang KM.4 Obay Padang Luar kecamatan Banuhampu,BUKIT TINGGI,PT. SUMATERA INTI SELULER,SUMBAGTENG ,SUMATERA BARAT,"Banuhampu,Kab. Agam",,,,82169998080,pipin.telesindo@gmail.com,100.381198,-0.334416,,
,Kota Payakumbuh,"Jl. Soekarno Hatta No77E, Kel. Balai Nan Duo, Kec. Payakumbuh Barat",BUKIT TINGGI,PT. SUMATERA INTI SELULER,SUMBAGTENG ,SUMATERA BARAT,Kota Payakumbuh,,,,82169998080,pipin.telesindo@gmail.com,100.61935,-0.234476,,
,"Simpang Empat, Pasaman Barat","Jl. Lintas Simpang empat- Manggopoh KM1, Lingkuang Aua, Kec. Pasaman",BUKIT TINGGI,PT. SUMATERA INTI SELULER,SUMBAGTENG ,SUMATERA BARAT,"Simpang Empat, Pasaman Barat",,,,82169998080,pipin.telesindo@gmail.com,99.8259125,0.0901186,,
,"Lubuk Basung , Kab .Agam","Jl. Veteran ,Padang Baru, Kec. Lubuk Basung",BUKIT TINGGI,PT. SUMATERA INTI SELULER,SUMBAGTENG ,SUMATERA BARAT,"Lubuk Basung , Kab .Agam",,,,82169998080,pipin.telesindo@gmail.com,100.03434,-0.3139661,,
,"Lubuk Sikaping, Pasaman",Jl. Sudirman No.109 Kel. Pauh Kec. Lubuk Sikaping ,BUKIT TINGGI,PT. SUMATERA INTI SELULER,SUMBAGTENG ,SUMATERA BARAT,"Lubuk Sikaping, Pasaman",,,,82169998080,pipin.telesindo@gmail.com,100.0242817,0.0192307,,
,"Ujung Gading , Pasaman barat","Jl. Flores, Nagari. Kuamang, kec. Lembah Melintang",BUKIT TINGGI,PT. SUMATERA INTI SELULER,SUMBAGTENG ,SUMATERA BARAT,"Ujung Gading , Pasaman barat",,,,82169998080,pipin.telesindo@gmail.com,99.550513,0.276065,,
,"Pangkalan, Kab. 50 Kota","Jl. Lintas Sumbar- Riau, Pasar Pangkalan, Nag. Pagkalan Koto Baru",BUKIT TINGGI,PT. SUMATERA INTI SELULER,SUMBAGTENG ,SUMATERA BARAT,"Pangkalan, Kab. 50 Kota",,,,82169998080,pipin.telesindo@gmail.com,100.724809,0.08461,,
,"Batusangkar, Kab. Tanah Datar",Jl. Sudirman Kel. Lima Kaum. Kec. Limakaum Batusangkar,BUKIT TINGGI,PT. SUMATERA INTI SELULER,SUMBAGTENG ,SUMATERA BARAT,"Batusangkar, Kab. Tanah Datar",,,,82169998080,pipin.telesindo@gmail.com,100.57723,-0.461617,,
,Kota Padang Panjang,Jl. Prof. M. Yamin No 157 Kel. Silaing Atas Kel.Silaing Kec.  Padang panjang Barat,BUKIT TINGGI,PT. SUMATERA INTI SELULER,SUMBAGTENG ,SUMATERA BARAT,Kota Padang Panjang,,,,82169998080,pipin.telesindo@gmail.com,100.39704,-4.6013,,
,BATAM,Ruko Nagoya Hill Blok R3 No.J36-J37 Nagoya,GREATER BATAM,PT. GOLDEN COMMUNICATION,SUMBAGTENG ,KEPULAUAN RIAU,BATAM,,,,81364115553,qarindra_putra@yahoo.com,104.01421,1.145718,,
,BATAM,Ruko Botania tahap 2 Blok B6 No.C1 Batam Center,GREATER BATAM,PT. GOLDEN COMMUNICATION,SUMBAGTENG ,KEPULAUAN RIAU,BATAM,,,,81364115553,qarindra_putra@yahoo.com,104.088467,1.106557,,
,Karimun,Jl. A Yani Kolong No. 61 Tanjung Balai Karimun,GREATER BATAM,PT. GOLDEN COMMUNICATION,SUMBAGTENG ,KEPULAUAN RIAU,Karimun,,,,81364115553,qarindra_putra@yahoo.com,103.419097,0.997876,,
,meranti,Jl Imam Bonjol Kelurahan Selat Panjang,GREATER BATAM,PT. GOLDEN COMMUNICATION,SUMBAGTENG ,KEPULAUAN RIAU,meranti,,,,81364115553,qarindra_putra@yahoo.com,102.70507,1.0048261,,
,BATAM,Komplek ruko city point E No.08 Kibing Batu Aji,GREATER BATAM,PT. GOLDEN COMMUNICATION,SUMBAGTENG ,KEPULAUAN RIAU,BATAM,,,,81364115553,qarindra_putra@yahoo.com,105.69721,1.039800863,,
,PEKANBARU,Jl. Jendral Sudirman No. 121 RT 005 / RW 001 Kota Pekanbaru,GREATER PEKANBARU,PT. SUMATERA INTI SELULER,SUMBAGTENG ,RIAU,PEKANBARU,,,,85265500052,riorohendiii@gmail.com,101.44773,0.5330943,,
,PEKANBARU,Jln Kharudin Nasution No.14 Kelurahan Simpang Tiga Kecamatan Bukit Raya Rt.2 Rw.7 Kota Pekanbaru,GREATER PEKANBARU,PT. SUMATERA INTI SELULER,SUMBAGTENG ,RIAU,PEKANBARU,,,,82283742174,bayutrinanda3@gmail.com,101.44469,0.4333772,,
,PEKANBARU,Jl. HR Subrantas Komplek Ruko Metropolitan City Blok A No. 18 RT 003 / RW 002 Kota Pekanbaru,GREATER PEKANBARU,PT. SUMATERA INTI SELULER,SUMBAGTENG ,RIAU,PEKANBARU,,,,85265656518,ichsanyuda515@gmail.com,101.38407,0.4645472,,
,PEKANBARU,Jl.Yosudarso kecamatan rumbai pesisir Kota Pekanbaru,GREATER PEKANBARU,PT. SUMATERA INTI SELULER,SUMBAGTENG ,RIAU,PEKANBARU,,,,82386104954,Rulisis22@gmail.com,101.4309,0.5664749,,
,SIAK ,Jl Raja Kecil kecamatan Bunga Raya Kota Siak ,GREATER PEKANBARU,PT. SUMATERA INTI SELULER,SUMBAGTENG ,RIAU,SIAK ,,,,82288101010,kristiwandi1@gmail.com,102.04351,0.8021511,,
,PERAWANG ,Jl. Raya Perawang KM 7 Kecamatan Tualang ,GREATER PEKANBARU,PT. SUMATERA INTI SELULER,SUMBAGTENG ,RIAU,PERAWANG ,,,,82382275014,putrahidayat.333@gmail.com,101.58386,0.6771577,,
,LUBUK DALAM ,Jl. Lintas Pertamina Kecamatan Lubuk Dalam Kota Siak,GREATER PEKANBARU,PT. SUMATERA INTI SELULER,SUMBAGTENG ,RIAU,LUBUK DALAM ,,,,85213953535,andhy29wardhana@gmail.com,101.80419,0.5961405,,
,Padang,Jalan Batang Agam Nomor 6 Padang Sumatera Barat ,Padang Pariaman,KOPERASI TELEKOMUNIKASI SELULAR,SUMBAGTENG ,SUMATERA BARAT,Padang,,,,85375555552,nilwan.1988@yahoo.com,100.3599,-0.926626,,
,Padang,Dr Moh Hatta Pasar Ambacang Kecamatan Kuranji Padang Sumatera Barat ,Padang Pariaman,KOPERASI TELEKOMUNIKASI SELULAR,SUMBAGTENG ,SUMATERA BARAT,Padang,,,,85263977770,bonny.kisel@gmail.com,100.40588,-0.932446,,
,Padang,Jln Adinegoro No 25 Tabing - Padang,Padang Pariaman,KOPERASI TELEKOMUNIKASI SELULAR,SUMBAGTENG ,SUMATERA BARAT,Padang,,,,85263777771,joniwan.kisel@gmail.com,100.34066,-0.862507,,
,Pariaman,Jl Kurai Taji - Pariaman,Padang Pariaman,KOPERASI TELEKOMUNIKASI SELULAR,SUMBAGTENG ,SUMATERA BARAT,Pariaman,,,,81290906078,lutfiakbar.sefiia.sms@gmail.com,100.16955,-0.629997,,
,Painan,Jl ProfDr Hamka Painan KecIV Jurai Kap Pesisir Selatan ,Padang Pariaman,KOPERASI TELEKOMUNIKASI SELULAR,SUMBAGTENG ,SUMATERA BARAT,Painan,,,,85274014321,rickisel@yahoo.com,100.58485,-1.346417,,
,Lengayang,Jl Raya Pasar Lakitan Lintas Sumatera Padang - Pesisir Selatan ,Padang Pariaman,KOPERASI TELEKOMUNIKASI SELULAR,SUMBAGTENG ,SUMATERA BARAT,Lengayang,,,,8116686789,adek082014@gmail.com,100.74014,-1.733046,,
,Tapan,Jl Raya Bukit Tapan - Pesisir Selatan,Padang Pariaman,KOPERASI TELEKOMUNIKASI SELULAR,SUMBAGTENG ,SUMATERA BARAT,Tapan,,,,82170821348,pepenkisel88@gmail.com,101.08022,-2.15853,,
,Mentawai,Jl Raya Tua Pejat Km 7 Mentawai,Padang Pariaman,KOPERASI TELEKOMUNIKASI SELULAR,SUMBAGTENG ,SUMATERA BARAT,Mentawai,,,,85375555552,nilwan.1988@yahoo.com,99.594245,-2.065038,,
,Lubuk Alung,Jl Raya Padang-Bukittinggi Pasar Mudik Lubuk Alung,Padang Pariaman,KOPERASI TELEKOMUNIKASI SELULAR,SUMBAGTENG ,RIAU,Lubuk Alung,,,,85356004444,irwandakisel@yahoo.com,100.28991,-0.6764,,
,Ujung Batu,Jl.Jendral Sudirman No 131 Ujung Batu,Rokan Hulu,PT. WAHANA PUTRA YUDHA,SUMBAGTENG ,RIAU,Ujung Batu,,,,85272051999,mansyur2010@ymail.com,100.53558,0.7084515,,
,Pasir Pengaraian,Jl.Tuanku Tambusai RT 02 RW 03 Pasir Pengaraian,Rokan Hulu,PT. WAHANA PUTRA YUDHA,SUMBAGTENG ,RIAU,Pasir Pengaraian,,,,81371366678,marpanti_aka@yahoo.co.id,100.30361,0.8895231,,
,Kota Tengah,Jl.Lintas Duri RT 01 RW 06 Kota Tengah,Rokan Hulu,PT. WAHANA PUTRA YUDHA,SUMBAGTENG ,RIAU,Kota Tengah,,,,82392992929,rhevyhidayat@yahoo.com,100.5473,1.0887551,,
,Bangkinang,Jl.DI.Panjaitan No 106 Bangkinang Kota,Rokan Hulu,PT. WAHANA PUTRA YUDHA,SUMBAGTENG ,RIAU,Bangkinang,,,,82283331333,robby_syamsuddin@ymail.com,101.02155,0.3395532,,
,Rimbo Panjang,"JL.Raya Pekanbaru - Bangkinang KM 16,5 Rimbo Panjang",Rokan Hulu,PT. WAHANA PUTRA YUDHA,SUMBAGTENG ,RIAU,Rimbo Panjang,,,,85365099023,jenery.seventina@yahoo.co.id,101.34797,0.4544733,,
,Flamboyan,JL.Flamboyan V RT 05 RW 03 Tapung,Rokan Hulu,PT. WAHANA PUTRA YUDHA,SUMBAGTENG ,RIAU,Flamboyan,,,,82391666222,feriardian4622@gmail.com,101.07764,0.627267,,
,Kandis,JL.Lintas Pekanbaru - Duri Km 79 RT 02 RW 04 Kandis,Rokan Hulu,PT. WAHANA PUTRA YUDHA,SUMBAGTENG ,RIAU,Kandis,,,,82392700070,irfan.abim@gmail.com,101.24,0.9426607,,
,Pinggir,JL.Lintas Pekanbaru - Duri No 49 RT 04 RW 01 Pinggir,Rokan Hulu,PT. WAHANA PUTRA YUDHA,SUMBAGTENG ,RIAU,Pinggir,,,,81275949636,doriaffrinaldo@yahoo.com,101.26248,1.1850762,,
,Rantau Kasai,JL.Lintas Tanjung Medan RT.05 RW.02 Tambusai Utara,Rokan Hulu,PT. WAHANA PUTRA YUDHA,SUMBAGTENG ,RIAU,Rantau Kasai,,,,85374823444,julianto899@yahoo.com,100.37838,1.2649119,,
,Lipat Kain,JL.HR Subrantas Lipat Kain,Rokan Hulu,PT. WAHANA PUTRA YUDHA,SUMBAGTENG ,RIAU,Lipat Kain,,,,81270332619,feriyulistia@yahoo.com,101.20504,0.0234515,,
,SOLOK,Jl.Jendral Sudirman Pasar Alahan panjang Kecamatan lembah Gumanti Kabupaten Solok,Solok Sraya,CV. AKAR DAYA MANDIRI,SUMBAGTENG ,SUMATERA BARAT,SOLOK,,,,82268812412,firdaushidayat92@gmail.com,100.78749,-1.075666,,
,SOLOK,"Jl. Datuk Parpatiah Nan Sabatang No. 126, Rt:1/RW:3, Kel. Simpang Rumbio, Kec. Lubuk Sikarah, Kab. Kota Solok, 27316",Solok Sraya,CV. AKAR DAYA MANDIRI,SUMBAGTENG ,SUMATERA BARAT,SOLOK,,,,85374639538,iswandi@akardaya.com,100.665261,-0.79897,,
,DHARMASRAYA,"Jl. Lintas Sumatera KM 4, Kel. Sungai kambut, Kec. Pulau Punjung, Kab Darmasraya 27572",Solok Sraya,CV. AKAR DAYA MANDIRI,SUMBAGTENG ,SUMATERA BARAT,DHARMASRAYA,,,,85376169076,feryagmal@akardaya.com,101.484221,-0.95068,,
,SAWAH LUNTO,"Jl. Lintas sumatera, Ruko simpang 3 Bloc C No. 1, Kel. Muaro kalaban, Kec. Silungkang, Kab. Sawah Lunto 27435",Solok Sraya,CV. AKAR DAYA MANDIRI,SUMBAGTENG ,SUMATERA BARAT,SAWAH LUNTO,,,,85375412345,frengkyflorenza@gmail.com,100.792214,-0.707249,,
,SIJUNJUNG,"Jalan Imam Bonjol, jorong pasar Jum'at, Nagari Muaro, Kecamatan Sijunjung, Kabupaten Sijunjung",Solok Sraya,CV. AKAR DAYA MANDIRI,SUMBAGTENG ,SUMATERA BARAT,SIJUNJUNG,,,,85265553888,ahmadeffendi@akardaya.com,100.95794,-0.669537,,
,DHARMASRAYA,"Jl. Sungai Salak  simpang SMP Negeri 1 Sitiung nagari sunagi duo, kecamatan Sitiung Kabupaten Dhamasraya",Solok Sraya,CV. AKAR DAYA MANDIRI,SUMBAGTENG ,SUMATERA BARAT,DHARMASRAYA,,,,81374736221,zulkifli@akardaya.com,101.66878,-1.033733,,
,SOLOK SELATAN,Simpang Pasar Baru Muara Labuh. Jalan Raya Rawang. Kelurahan Pasir Talang. Kecamatan Sungai Pagu. Kabupaten Solok Selatan,Solok Sraya,CV. AKAR DAYA MANDIRI,SUMBAGTENG ,SUMATERA BARAT,SOLOK SELATAN,,,,85355444000,ridhohidayat@akardaya.com,101.04877,-1.476921,,
,DHARMASRAYA,"Jl. Lintas Sumatera KM1 No. 76, Jorong balai tengah, Kel. Sungai Rumbai, Kec. Sungai Rumbai, Kab. Dharmasraya, 27684",Solok Sraya,CV. AKAR DAYA MANDIRI,SUMBAGTENG ,SUMATERA BARAT,DHARMASRAYA,,,,85271117111,amransyah20@gmail.com,101.739292,-1.219211,,
,SIJUNJUNG,"KM 5 sungai tambang, nagari kunpar, kecamatan kamang baru , kabupaten sijunjung",Solok Sraya,CV. AKAR DAYA MANDIRI,SUMBAGTENG ,SUMATERA BARAT,SIJUNJUNG,,,,85375986666,randiomr@ymail.com,10138476,-0.860511,,
,RENGAT,JL. SULTAN KELURAHAN KAMPUNG BESAR KOTA KEC. RENGAT KODE POS 29300,TEMBILAHAN,PT. SARANA MEDIA SELULER,SUMBAGTENG ,KEPULAUAN RIAU,RENGAT,,,,85278002222,suryonosms@gmail.com,102.54082,-0.371786,,
,AIR MOLEK,JL. JEND SUDIRMAN RT 011 RW 005 KEL. TANJUNG GADING AIR MOLEK KEC. PASIR PENYU 29352,TEMBILAHAN,PT. SARANA MEDIA SELULER,SUMBAGTENG ,KEPULAUAN RIAU,AIR MOLEK,,,,81277000086,emilhakim8899@gmail.com,102.29389,-0.361416,,
,BELILAS,JL. LINTAS TIMUR RT 009 RW 003 KEL. PANGKALAN KASAI KEC. SEBERIDA 29371,TEMBILAHAN,PT. SARANA MEDIA SELULER,SUMBAGTENG ,KEPULAUAN RIAU,BELILAS,,,,85365938777,wwnindrayana@gmail.com,102.4147,0.540021,,
,KOTA BARU,JL. AHMAD YANI KOTA BARU SEBERIDA 29274,TEMBILAHAN,PT. SARANA MEDIA SELULER,SUMBAGTENG ,KEPULAUAN RIAU,KOTA BARU,,,,82283397307,okta.buddy88@gmail.com,102.92967,-0.743556,,
,TEMBILAHAN,JL. SOEBRANTAS DEPAN GEDUNG DPR KEL. TEMBILAHAN HILIR KEC. TEMBILAHAN 29212,TEMBILAHAN,PT. SARANA MEDIA SELULER,SUMBAGTENG ,KEPULAUAN RIAU,TEMBILAHAN,,,,81225202000,Dhenykurniawan85@gmail.com,103.162,-0.312906,,
,BASERAH,JL. JEND SUDIRMAN RT 004 RW 002 KEL. PASAR USANG KEC. KUANTAN HILIR KODE POS 29561,TEMBILAHAN,PT. SARANA MEDIA SELULER,SUMBAGTENG ,KEPULAUAN RIAU,BASERAH,,,,81267202268,muchamadzulfikar1991@gmail.com,101.73165,-0.436733,,
,TELUK KUANTAN,JL. TUANKU TAMBUSAI JALUR DUA RT 002 RW 003 KEL. KOTO TALUK KEC. KUANTAN TENGAH 29515,TEMBILAHAN,PT. SARANA MEDIA SELULER,SUMBAGTENG ,KEPULAUAN RIAU,TELUK KUANTAN,,,,82389167557,ekoo_anggara@yahoo.co.id,101.56422,0.528157,,
,SOREK,"JL. LINTAS TIMUR DEKAT SPBU BANDAR PETALANGAN, KEL. LUBUK TERAP, KEC. BANDAR PETALANGAN, KAB. PELALAWAN",TEMBILAHAN,PT. SARANA MEDIA SELULER,SUMBAGTENG ,KEPULAUAN RIAU,SOREK,,,,82170600600,areliquisatimur@gmail.com,102.07831,0.1177316,,
,KERINCI,JL. LINTAS TIMUR  KEL. PANGKALAN KERINCI KANAN KEC. PANGKALAN KERINCI KAB. PELALAWAN - PANGKALAN KERINCI RIAU 28300,TEMBILAHAN,PT. SARANA MEDIA SELULER,SUMBAGTENG ,KEPULAUAN RIAU,KERINCI,,,,82386868668,azrian84@gmail.com,101.85761,0.3741406,,
,TANJUNG PINANG,"JL. IR. JUANDANO.22 LT.1,GEDUNG GRAHA BINTAN TANJUNG PINANG",TANJUNG PINANG,KOPERASI TELEKOMUNIKASI SELULAR,SUMBAGTENG ,KEPULAUAN RIAU,TANJUNG PINANG,,,,81277799099,Saidulbahri2017@gmail.com,104.47893,0.8962479,,
,RANAI,jln. Datuk kaya wan.mhd.benteng ranai natuna no 118,TANJUNG PINANG,KOPERASI TELEKOMUNIKASI SELULAR,SUMBAGTENG ,KEPULAUAN RIAU,RANAI,,,,82284229222,Sb.monno@gmail.com,108.3907,3.9456589,,
,UBAN KOTA,JL.PERMAISURI TANJUNG UBAN KOTA,TANJUNG PINANG,KOPERASI TELEKOMUNIKASI SELULAR,SUMBAGTENG ,KEPULAUAN RIAU,UBAN KOTA,,,,81378080808,dion.telesindoshop@gmail.com,104.2243,1.0645729,,
,DABO SINGKEP,JL. PELABUHAN NO.8 DABO SINGKEP,TANJUNG PINANG,KOPERASI TELEKOMUNIKASI SELULAR,SUMBAGTENG ,RIAU,DABO SINGKEP,,,,8137807779,xpdc.rudystones@gmail.com,104.56326,-0.498291,,
,Dumai,Jl. Jendral Sudirman (deretan Reflexi KAKIKU)],Dumai,PT. MEDIA SWARA PRIMA,SUMBAGTENG ,RIAU,Dumai,,,,85271262929,dody.hrdmspdmi73@gmail.com,101.44854,1.6720346,,
,Duri,Jl. Jend. Sudirman ( Depan Ramayana ),Dumai,PT. MEDIA SWARA PRIMA,SUMBAGTENG ,RIAU,Duri,,,,85271262929,dody.hrdmspdmi73@gmail.com,101.19324,1.2848628,,
,Bagan Batu,Jl. Jendral Sudirman (Samping Dealer Suzuki),Dumai,PT. MEDIA SWARA PRIMA,SUMBAGTENG ,RIAU,Bagan Batu,,,,85271262929,dody.hrdmspdmi73@gmail.com,100.39781,1.7093669,,
,Bagan Siapi - Api,Jl. Aman No. 36 (Depan Asia Foto),Dumai,PT. MEDIA SWARA PRIMA,SUMBAGTENG ,RIAU,Bagan Siapi - Api,,,,85271262929,dody.hrdmspdmi73@gmail.com,100.80802,2.1617106,,
,Ujung Tanjung,Jl. Lintas Ujung Tanjung - Bagan Siapi Api  (Disamping Toko Buku Parker),Dumai,PT. MEDIA SWARA PRIMA,SUMBAGTENG ,RIAU,Ujung Tanjung,,,,85271262929,dody.hrdmspdmi73@gmail.com,101.03092,1.6295779,,
,Rupat,"Jl. Mesjid , Batu Panjang",Dumai,PT. MEDIA SWARA PRIMA,SUMBAGTENG ,RIAU,Rupat,,,,85271262929,dody.hrdmspdmi73@gmail.com,101.51751,1.717169,,
,Bengkalis,Jl. Hang Tuah No. 037 Bengkalis,Dumai,PT. MEDIA SWARA PRIMA,SUMBAGTENG ,RIAU,Bengkalis,,,,85271262929,dody.hrdmspdmi73@gmail.com,102.11105,1.4724835,,
,Sei. Pakning,Jl. Jend Sudirman ,Dumai,PT. MEDIA SWARA PRIMA,SUMBAGTENG ,RIAU,Sei. Pakning,,,,85271262929,dody.hrdmspdmi73@gmail.com,102.15722,1.3493088,,
,Pujud,Jl. Lintas Pujud,Dumai,PT. MEDIA SWARA PRIMA,SUMBAGTENG ,RIAU,Pujud,,,,85271262929,dody.hrdmspdmi73@gmail.com,100.64046,1.4309825,,
,TAP METRO,METRO,LAMPUNG TENGAH,CV. AKAR DAYA MANDIRI,SUMBAGSEL,SUMATERA SELATAN,METRO,,,,85269991987,NURLAILA,105.30427,-5.115647,,
,TAP MINI BRATASENA,MINI BRATASENA,LAMPUNG TENGAH,CV. AKAR DAYA MANDIRI,SUMBAGSEL,SUMATERA SELATAN,MINI BRATASENA,,,,8136992222,HENDRA,105.8162981,-4.56994196,,
,TAP MINI KALIREJO,MINI KALIREJO,LAMPUNG TENGAH,CV. AKAR DAYA MANDIRI,SUMBAGSEL,SUMATERA SELATAN,MINI KALIREJO,,,,85380068886,HERU KURNIAWAN,104.96238,-5.227307,,
,TAP RUMBIA ,RUMBIA,LAMPUNG TENGAH,CV. AKAR DAYA MANDIRI,SUMBAGSEL,SUMATERA SELATAN,RUMBIA,,,,81278305757,HENDRA,"10,554,849",-5,,
,TAP SRIBAWONO,SRIBAWONO,LAMPUNG TENGAH,CV. AKAR DAYA MANDIRI,SUMBAGSEL,SUMATERA SELATAN,SRIBAWONO,,,,8117865171,AHAMD QODRI,105.74422,-5.299096,,
,TAP UNIT 2,UNIT 2,LAMPUNG TENGAH,CV. AKAR DAYA MANDIRI,SUMBAGSEL,SUMATERA SELATAN,UNIT 2,,,,82186141987,ANTONI SYAMSUDIN,105.22124,-4.286999,,
,TAP PEKALONGAN,PEKALONGAN,LAMPUNG TENGAH,CV. AKAR DAYA MANDIRI,SUMBAGSEL,SUMATERA SELATAN,PEKALONGAN,,,,6.28137E+12,BAMBANG ERWANTO,105.3582,-5.083441,,
,TAP MINI RAWAJITU,MINI RAWAJITU,LAMPUNG TENGAH,CV. AKAR DAYA MANDIRI,SUMBAGSEL,SUMATERA SELATAN,MINI RAWAJITU,,,,6.28228E+12,ANTONI SYAMSUDIN,105.7412371,-4.212863686,,
,TAP BANDAR JAYA ,BANDAR JAYA,LAMPUNG TENGAH,CV. AKAR DAYA MANDIRI,SUMBAGSEL,SUMATERA SELATAN,BANDAR JAYA,,,,6.28128E+11,HERU KURNIAWAN,10521401,-4.942356,,
,TAP BUNGO,BUNGO,JAMBI BARAT,PT. ARIFINDO MANDIRI,SUMBAGSEL,SUMATERA SELATAN,BUNGO,,,,6.28137E+12,AHMAD FUDORI,102.1193,-1.475192,,
,TAP TEBO,TEBO,JAMBI BARAT,PT. ARIFINDO MANDIRI,SUMBAGSEL,SUMATERA SELATAN,TEBO,,,,6.28218E+12,WEBI PRIMADONI,102.4416124,-1.4729977,,
,TAP RIMBO BUJANG,RIMBO BUJANG,JAMBI BARAT,PT. ARIFINDO MANDIRI,SUMBAGSEL,SUMATERA SELATAN,RIMBO BUJANG,,,,6.28127E+12,ERWIN SIMANJUNTAK,102.10413,-1.31313,,
,TAP MERANGIN,MERANGIN,JAMBI BARAT,PT. ARIFINDO MANDIRI,SUMBAGSEL,SUMATERA SELATAN,MERANGIN,,,,6.28218E+12,SUTRISNO,102.2784759,-2.0455917,,
,TAP SAROLANGUN,SAROLANGUN,JAMBI BARAT,PT. ARIFINDO MANDIRI,SUMBAGSEL,SUMATERA SELATAN,SAROLANGUN,,,,6.28218E+12,ARI ANGGRIA PUTRA,102.71688,-2.302203,,
,TAP KERINCI,KERINCI,JAMBI BARAT,PT. ARIFINDO MANDIRI,SUMBAGSEL,SUMATERA SELATAN,KERINCI,,,,85279112222,ANDRI WINARNO,101.392617,-2.065812,,
,TAP BATURAJA,BATURAJA,OGAN KOMERING,PT. ARIFINDO MANDIRI,SUMBAGSEL,SUMATERA SELATAN,BATURAJA,,,,81367705949,ARDIANSYAH,104.17826,-4.131159,,
,TAP MARTAPURA,MARTAPURA,OGAN KOMERING,PT. ARIFINDO MANDIRI,SUMBAGSEL,SUMATERA SELATAN,MARTAPURA,,,,81368211805,YANUAR ANSHORI,104.34193,-4.306974,,
,TAP BELITANG,BELITANG,OGAN KOMERING,PT. ARIFINDO MANDIRI,SUMBAGSEL,SUMATERA SELATAN,BELITANG,,,,85367074509,FIRMANSYAH,104.639905,-4.112815,,
,TAP MUARADUA,MUARADUA,OGAN KOMERING,PT. ARIFINDO MANDIRI,SUMBAGSEL,SUMATERA SELATAN,MUARADUA,,,,8127127126,ARVA REZA JUANDA,104.07024,-4.541211,,
,TAP KAYUAGUNG,KAYUAGUNG,OGAN KOMERING,PT. ARIFINDO MANDIRI,SUMBAGSEL,SUMATERA SELATAN,KAYUAGUNG,,,,82179343409,M. SAPRIADI,104.826817,-3.40238,,
,TAP TUGUMULYO,TUGUMULYO,OGAN KOMERING,PT. ARIFINDO MANDIRI,SUMBAGSEL,SUMATERA SELATAN,TUGUMULYO,,,,85267639299,BAMBANG,104.89236,-3.851628,,
,TAP SIMPANG PEMATANG,SIMPANG PEMATANG,OGAN KOMERING,PT. ARIFINDO MANDIRI,SUMBAGSEL,SUMATERA SELATAN,SIMPANG PEMATANG,,,,82279787878,TONI SELAMET TRIADI,105.247,-4.022385,,
,TAP JAMBI INNER,JAMBI INNER,JAMBI INNER,PT. NARINDO SOLUSI TELEKOMUNIKASI,SUMBAGSEL,SUMATERA SELATAN,JAMBI INNER,,,,081374856789,ARIEF BUDIMAN PRAYUSTI,103.61624,-1.605595,,
,TAP BULIAN,BULIAN,JAMBI INNER,PT. NARINDO SOLUSI TELEKOMUNIKASI,SUMBAGSEL,SUMATERA SELATAN,BULIAN,,,,081271606000,LUTFI,103.25405,-1.712852,,
,TAP BAHAR,BAHAR,JAMBI INNER,PT. NARINDO SOLUSI TELEKOMUNIKASI,SUMBAGSEL,SUMATERA SELATAN,BAHAR,,,,081271477654,AFRI ALDO,103.43474,-1.968164,,
,TAP TUNGKAL,TUNGKAL,JAMBI INNER,PT. NARINDO SOLUSI TELEKOMUNIKASI,SUMBAGSEL,SUMATERA SELATAN,TUNGKAL,,,,085369888811,SANDI,103.46013,-0.8191,,
,TAP MERLUNG,MERLUNG,JAMBI INNER,PT. NARINDO SOLUSI TELEKOMUNIKASI,SUMBAGSEL,SUMATERA SELATAN,MERLUNG,,,,081221449393,TRIO SEPTIAN,103.0523,-1.260152,,
,TAP SABAK,SABAK,JAMBI INNER,PT. NARINDO SOLUSI TELEKOMUNIKASI,SUMBAGSEL,SUMATERA SELATAN,SABAK,,,,082371590000,DASEANDA WIJAYA,103.79323,-1.218435,,
,TAP NIPAH,NIPAH,JAMBI INNER,PT. NARINDO SOLUSI TELEKOMUNIKASI,SUMBAGSEL,SUMATERA SELATAN,NIPAH,,,,085267510007,M FADIL,104.19473,-1.07464,,
,TAP BENGKULU,BENGKULU,BUMI RAFFLESIA,KOPERASI TELEKOMUNIKASI SELULAR,SUMBAGSEL,SUMATERA SELATAN,BENGKULU,,,,082373387818,SEFRIANSYAH,102.26543,-3803665,,
,TAP ARGA MAKMUR,ARGA MAKMUR,BUMI RAFFLESIA,KOPERASI TELEKOMUNIKASI SELULAR,SUMBAGSEL,SUMATERA SELATAN,ARGA MAKMUR,,,,081271606000,IRWAN IRWANTO,102.18739,-3.436932,,
,TAP MANNA,MANNA,BUMI RAFFLESIA,KOPERASI TELEKOMUNIKASI SELULAR,SUMBAGSEL,SUMATERA SELATAN,MANNA,,,,081271477654,EKO SUSANTO,102.91955,-4.451673,,
,TAP SELUMA,SELUMA,BUMI RAFFLESIA,KOPERASI TELEKOMUNIKASI SELULAR,SUMBAGSEL,SUMATERA SELATAN,SELUMA,,,,82139444449,HERNU DEFRIZAL,102.58018,-4.073443,,
,TAP MUKOMUKO,MUKOMUKO,BUMI RAFFLESIA,KOPERASI TELEKOMUNIKASI SELULAR,SUMBAGSEL,SUMATERA SELATAN,MUKOMUKO,,,,82373737171,TRI AGUNG PRASETYA,101.108212,-2.56336,,
,TAP CURUP,CURUP,BUMI RAFFLESIA,KOPERASI TELEKOMUNIKASI SELULAR,SUMBAGSEL,SUMATERA SELATAN,CURUP,,,,82177757774,ZAMHARI,10253483,-3476644,,
,TAP LEBONG,LEBONG,BUMI RAFFLESIA,KOPERASI TELEKOMUNIKASI SELULAR,SUMBAGSEL,SUMATERA SELATAN,LEBONG,,,,85268000514,RIKO HENDRA,102.20678,-3.123554,,
,TAP KEPAHIANG,KEPAHIANG,BUMI RAFFLESIA,KOPERASI TELEKOMUNIKASI SELULAR,SUMBAGSEL,SUMATERA SELATAN,KEPAHIANG,,,,85267114490,DONI,102.57034,-3.64249,,
,TAP TALANG KELAPA,TALANG KELAPA,BANYUASIN,PT. NARINDO SOLUSI TELEKOMUNIKASI,SUMBAGSEL,SUMATERA SELATAN,TALANG KELAPA,,,,85278037303,SUSANTO,104.66142,-2.912743,,
,TAP BETUNG,BETUNG,BANYUASIN,PT. NARINDO SOLUSI TELEKOMUNIKASI,SUMBAGSEL,SUMATERA SELATAN,BETUNG,,,,85278037303,KRISTO RAYEN,104.22338,-2.843902,,
,TAP SEKAYU,SEKAYU,BANYUASIN,PT. NARINDO SOLUSI TELEKOMUNIKASI,SUMBAGSEL,SUMATERA SELATAN,SEKAYU,,,,8117015393,PANJI ARDIANSYAH,103.84701,-2.893355,,
,TAP BABAT TOMAN,BABAT TOMAN,BANYUASIN,PT. NARINDO SOLUSI TELEKOMUNIKASI,SUMBAGSEL,SUMATERA SELATAN,BABAT TOMAN,,,,85267714900,HENGKI SAPUTRA,103.63832,-2.739332,,
,TAP SUNGAI LILIN,SUNGAI LILIN,BANYUASIN,PT. NARINDO SOLUSI TELEKOMUNIKASI,SUMBAGSEL,SUMATERA SELATAN,SUNGAI LILIN,,,,82379881414,YULIUS ARDHI,104.1117,-2.594336,,
,TAP BAYUNG LENCIR,BAYUNG LENCIR,BANYUASIN,PT. NARINDO SOLUSI TELEKOMUNIKASI,SUMBAGSEL,SUMATERA SELATAN,BAYUNG LENCIR,,,,82374024802,JOKO PRASETYO,103.68044,-2.064794,,
,TAP MAKARTI JAYA,MAKARTI JAYA,BANYUASIN,PT. NARINDO SOLUSI TELEKOMUNIKASI,SUMBAGSEL,SUMATERA SELATAN,MAKARTI JAYA,,,,82280491138,IMAM ZAKI,104.97703,-2.489496,,
,TAP MARIANA,MARIANA,BANYUASIN,PT. NARINDO SOLUSI TELEKOMUNIKASI,SUMBAGSEL,SUMATERA SELATAN,MARIANA,,,,82175026373,JACKANDI,104.86847,-2.975964,,
,TAP KOTABUMI,KOTABUMI,LAMPUNG UTARA,CV. MEDIASEL SINAR BARU,SUMBAGSEL,SUMATERA SELATAN,KOTABUMI,,,,81271828080,M.MASHURI,104.90193,-4.840778,,
,TAP LIWA,LIWA,LAMPUNG UTARA,CV. MEDIASEL SINAR BARU,SUMBAGSEL,SUMATERA SELATAN,LIWA,,,,82380450000,IMAN SETIONO,1040824678,-5.0361571,,
,TAP BARADATU,BARADATU,LAMPUNG UTARA,CV. MEDIASEL SINAR BARU,SUMBAGSEL,SUMATERA SELATAN,BARADATU,,,,85367030554,FEBRANTA GINTING,104.54217,-4.722503,,
,TAP TALANG PADANG,TALANG PADANG,LAMPUNG UTARA,CV. MEDIASEL SINAR BARU,SUMBAGSEL,SUMATERA SELATAN,TALANG PADANG,,,,82269874748,RIZA FITRIA,10478038,-5.36645,,
,TAP KRUI,KRUI,LAMPUNG UTARA,CV. MEDIASEL SINAR BARU,SUMBAGSEL,SUMATERA SELATAN,KRUI,,,,85383888882,DIKI ARDIANSYAH,103.93742,-5.181274,,
,TAP DAYAMURNI,DAYAMURNI,LAMPUNG UTARA,CV. MEDIASEL SINAR BARU,SUMBAGSEL,SUMATERA SELATAN,DAYAMURNI,,,,85368959999,RAHMAT HIDAYAT,105.1069,-4.62254,,
,TAP PALEMBANG 1,PALEMBANG 1,BUMI SRIWIJAYA,KOPERASI TELEKOMUNIKASI SELULAR,SUMBAGSEL,SUMATERA SELATAN,PALEMBANG 1,,,,81271371717,LUKI CATUR WITJAKSONO,104.7346173,-2.9702515,,
,TAP PALEMBANG 2,PALEMBANG 2,BUMI SRIWIJAYA,KOPERASI TELEKOMUNIKASI SELULAR,SUMBAGSEL,SUMATERA SELATAN,PALEMBANG 2,,,,85267700852,PARZI,104.7852423,-2.9904514,,
,TAP PRABUMULIH,PRABUMULIH,BUMI SRIWIJAYA,KOPERASI TELEKOMUNIKASI SELULAR,SUMBAGSEL,SUMATERA SELATAN,PRABUMULIH,,,,85269223110,MUHAMMAD IKHWAN POLANUNU,104.25478,-3.418612,,
,TAP INDRALAYA,INDRALAYA,BUMI SRIWIJAYA,KOPERASI TELEKOMUNIKASI SELULAR,SUMBAGSEL,SUMATERA SELATAN,INDRALAYA,,,,85266699878,BAYU PUTRA PRATAMA BASDAFA,104.6579907,-3.245111,,
,TAP GELUMBANG,GELUMBANG,BUMI SRIWIJAYA,KOPERASI TELEKOMUNIKASI SELULAR,SUMBAGSEL,SUMATERA SELATAN,GELUMBANG,,,,811744228,FRANSWIJAYA SIREGAR,104.2650042,-3.2137404,,
,TAP PAYARAMAN,PAYARAMAN,BUMI SRIWIJAYA,KOPERASI TELEKOMUNIKASI SELULAR,SUMBAGSEL,SUMATERA SELATAN,PAYARAMAN,,,,81272241000,AGUNG SETYANTO PRIHATMOJO,104.6034703,-3.3574905,,
,TAP PALI,PALI,BUMI SRIWIJAYA,KOPERASI TELEKOMUNIKASI SELULAR,SUMBAGSEL,SUMATERA SELATAN,PALI,,,,85369426108,MUHAMMAD IKHWAN POLANUNU,104.2594177,-3.2285539,,
,TAP LUBUKLINGGAU,LUBUKLINGGAU,MUSI RAWAS,CV. SINAR TELEKOM,SUMBAGSEL,SUMATERA SELATAN,LUBUKLINGGAU,,,,82372091111,IRFANI,102.89315,-3.279591,,
,TAP LAHAT,LAHAT,MUSI RAWAS,CV. SINAR TELEKOM,SUMBAGSEL,SUMATERA SELATAN,LAHAT,,,,85380051986,ROMMY MEIZANDI,103.55769,-3.785674,,
,TAP MUARA ENIM,MUARA ENIM,MUSI RAWAS,CV. SINAR TELEKOM,SUMBAGSEL,SUMATERA SELATAN,MUARA ENIM,,,,85266656666,BUDI ISKANDAR,103.76848,-3.660975,,
,TAP PAGAR ALAM,PAGAR ALAM,MUSI RAWAS,CV. SINAR TELEKOM,SUMBAGSEL,SUMATERA SELATAN,PAGAR ALAM,,,,85208630000,AGUS SUPRIYADI,103.25384,-4.022532,,
,TAP MUSIRAWAS UTARA,MUSIRAWAS UTARA,MUSI RAWAS,CV. SINAR TELEKOM,SUMBAGSEL,SUMATERA SELATAN,MUSIRAWAS UTARA,,,,82372091111,M.RIZKY FEBRIANSYAH,103.02068,-3.041881,,
,TAP MUSIRAWAS,MUSIRAWAS,MUSI RAWAS,CV. SINAR TELEKOM,SUMBAGSEL,SUMATERA SELATAN,MUSIRAWAS,,,,85266656666,ANDRIAN GUNTUR,102.91111,-2.711565,,
,TAP EMPAT LAWANG,EMPAT LAWANG,MUSI RAWAS,CV. SINAR TELEKOM,SUMBAGSEL,SUMATERA SELATAN,EMPAT LAWANG,,,,85208630000,PERLI,103.08734,-3.595315,,
,TAP KEDATON,KEDATON,BANDAR LAMPUNG,PT. GOLDEN COMMUNICATION,SUMBAGSEL,SUMATERA SELATAN,KEDATON,,,,82179907990,BAIDI JOHARI,105.26152,-5.398857,,
,TAP TELUK BETUNG,TELUK BETUNG,BANDAR LAMPUNG,PT. GOLDEN COMMUNICATION,SUMBAGSEL,SUMATERA SELATAN,TELUK BETUNG,,,,82178577539,MUHAJIRIN,105.26623,-5.441733,,
,TAP KALIANDA,KALIANDA,BANDAR LAMPUNG,PT. GOLDEN COMMUNICATION,SUMBAGSEL,SUMATERA SELATAN,KALIANDA,,,,82372300300,FARID FURGHONI ,105.59294,-5.730121,,
,TAP NATAR,NATAR,BANDAR LAMPUNG,PT. GOLDEN COMMUNICATION,SUMBAGSEL,SUMATERA SELATAN,NATAR,,,,85269399998,MUAMAR,105.19428,-5.309297,,
,TAP TANJUNG BINTANG,TANJUNG BINTANG,BANDAR LAMPUNG,PT. GOLDEN COMMUNICATION,SUMBAGSEL,SUMATERA SELATAN,TANJUNG BINTANG,,,,82377788999,SUBUR SANTOSO,105.41734,-5.422254,,
,TAP PRINGSEWU,PRINGSEWU,BANDAR LAMPUNG,PT. GOLDEN COMMUNICATION,SUMBAGSEL,SUMATERA SELATAN,PRINGSEWU,,,,85369888999,HERI MULYADI,104.98391,-5.357135,,
,TAP PANGKAL PINANG,PANGKAL PINANG,BANGKA BELITUNG,PT. SELULAR MEDIA INFOTAMA,SUMBAGSEL,SUMATERA SELATAN,PANGKAL PINANG,,,,85377312345,YAHYA BUDIMAN,106.40404,-2485545,,
,TAP KOBA,KOBA,BANGKA BELITUNG,PT. SELULAR MEDIA INFOTAMA,SUMBAGSEL,SUMATERA SELATAN,KOBA,,,,85208131990,ERWIN NANDES,106.404245,-2.48577,,
,TAP TOBOALI,TOBOALI,BANGKA BELITUNG,PT. SELULAR MEDIA INFOTAMA,SUMBAGSEL,SUMATERA SELATAN,TOBOALI,,,,81273083333,HENDRA KURNIAWAN,106.46236,-3.007524,,
,TAP TANJUNGPANDAN,TANJUNGPANDAN,BANGKA BELITUNG,PT. SELULAR MEDIA INFOTAMA,SUMBAGSEL,SUMATERA SELATAN,TANJUNGPANDAN,,,,85273527352,MUKMIN SALAHUDIN,107.64472,-2.736697,,
,TAP MANGGAR,MANGGAR,BANGKA BELITUNG,PT. SELULAR MEDIA INFOTAMA,SUMBAGSEL,SUMATERA SELATAN,MANGGAR,,,,82281722222,ARI ISWADI,108.278785,-2.873783,,
,TAP SUNGAI LIAT,SUNGAI LIAT,BANGKA BELITUNG,PT. SELULAR MEDIA INFOTAMA,SUMBAGSEL,SUMATERA SELATAN,SUNGAI LIAT,,,,8117372244,PUTRA ZHATI,106.11452,-1.849423,,
,TAP JEBUS,JEBUS,BANGKA BELITUNG,PT. SELULAR MEDIA INFOTAMA,SUMBAGSEL,SUMATERA SELATAN,JEBUS,,,,82371886000,REKA DIANSYAH,105.49738,-1.679241,,
,TAP MUNTOK,MUNTOK,BANGKA BELITUNG,PT. SELULAR MEDIA INFOTAMA,SUMBAGSEL,SUMATERA SELATAN,MUNTOK,,,,8117999919,EKY PERMANA,105.18769,-2.045409,,